5395,salt
4093,garlic
2594,black pepper
2515,olive oil
1946,salt black pepper
1476,salt pepper
1467,onion
1434,extra-virgin olive oil
1423,butter
1370,flour
1195,vegetable oil
1187,lemon juice
1180,mayonnaise
1115,water
1099,cream cheese
986,eggs
914,cayenne pepper
877,parsley
875,sugar
860,sour cream
827,garlic powder
754,egg
746,red onion
740,unsalted butter
730,cilantro
700,thyme
677,
662,green onions
662,milk
639,soy sauce
639,honey
601,paprika
591,cumin
581,cream
568,lime juice
557,worcestershire sauce
545,ginger
543,chives
527,shallots
521,dijon mustard
521,parsley leaves
519,oregano
494,parmesan
483,lemon
479,cilantro leaves
472,white wine
467,canola oil
458,brown sugar
438,lemon juiced
435,onion powder
423,tomatoes
417,bread crumbs
416,parmesan cheese
407,red pepper flakes
404,scallions
378,cheddar cheese
373,onions
370,red wine vinegar
339,white sugar
337,basil leaves
336,balsamic vinegar
310,pepper
301,white pepper
291,sea salt
286,red bell pepper
285,sesame oil
284,bacon
283,basil
280,hot sauce
273,cinnamon
273,thyme leaves
271,cayenne
271,capers
270,shallot
266,celery
264,lime juiced
258,chicken stock
257,carrots
256,ketchup
256,baking powder
252,chili powder
247,cornstarch
247,extra virgin olive oil
246,nutmeg
245,oil
244,dill
241,peanut oil
234,essence
230,beef
226,carrot
215,green onion
210,avocado
207,tomato
206,black olives
204,rice wine vinegar
203,green bell pepper
200,hot pepper sauce
200,buttermilk
197,mozzarella cheese
