10583,vanilla
10511,salt
8949,flour
7944,white sugar
7798,butter
7150,eggs
6822,sugar
4620,milk
4422,cinnamon
4219,brown sugar
4090,baking powder
3996,baking soda
3546,water
3535,unsalted butter
3020,cream
3007,confectioners sugar
2507,egg
2495,granulated sugar
1860,cream cheese
1799,egg yolks
1726,nutmeg
1634,lemon juice
1621,walnuts
1571,vegetable oil
1425,pecans
1410,
1377,egg whites
1343,lemon
1275,semisweet chocolate chips
1247,cornstarch
1200,unsweetened cocoa powder
1027,shortening
1010,sour cream
980,corn syrup
919,whipping cream
919,orange
911,ginger
859,honey
763,buttermilk
734,raisins
720,almond
700,sweetened condensed milk
686,strawberries
674,whipped topping
641,powdered sugar
641,cream tartar
551,evaporated milk
534,peanut butter
532,rolled oats
529,margarine
525,flaked coconut
521,blueberries
517,raspberries
504,orange juice
504,semisweet chocolate
483,cocoa powder
471,cake flour
466,pineapple
459,pumpkin
451,stick unsalted butter
448,allspice
447,sticks unsalted butter
446,boiling water
443,almonds
425,vanilla ice cream
419,bananas
415,graham cracker crumbs
406,dark brown sugar
402,bittersweet chocolate
376,spray
373,apples
372,egg yolk
367,coconut
367,eggs separated
330,peaches
323,dark rum
321,cranberries
318,molasses
315,sea salt
309,yellow cake
309,ice water
302,sifted flour
300,flour dusting
299,half-and-half
295,maple syrup
290,stick butter
290,whipped cream
280,instant vanilla pudding
275,confectioners sugar dusting
270,lemon juiced
268,hot water
263,canola oil
260,chocolate chips
245,dates
243,vegetable shortening
240,miniature marshmallows
238,rum
234,pecan
230,strawberries hulled
