51103,salt
29393,garlic
23361,butter
22239,flour
19565,black pepper
19456,olive oil
16959,eggs
16499,water
15904,onion
15379,salt black pepper
15323,white sugar
14294,vanilla
14029,sugar
13352,milk
11611,salt pepper
11003,vegetable oil
10287,unsalted butter
10002,brown sugar
9231,cinnamon
8816,extra-virgin olive oil
8162,lemon juice
7834,baking powder
7617,cream
7365,egg
6682,parsley
6364,baking soda
6214,thyme
5537,honey
5505,cayenne pepper
5493,
5331,garlic powder
5123,ginger
5085,lemon
4970,sour cream
4843,nutmeg
4706,cumin
4674,mayonnaise
4591,red onion
4552,oregano
4393,tomatoes
4197,cream cheese
4158,paprika
4102,white wine
4091,soy sauce
3989,carrots
3881,confectioners sugar
3878,cilantro
3778,parmesan cheese
3663,granulated sugar
3629,onions
3628,red pepper flakes
3588,canola oil
3408,worcestershire sauce
3385,green onions
3383,dijon mustard
3209,cornstarch
3126,lime juice
3101,chicken stock
3022,basil
3003,chicken broth
2969,shallots
2812,egg yolks
2766,onion powder
2766,bacon
2729,walnuts
2661,chili powder
2627,cheddar cheese
2570,parmesan
2541,celery
2521,red wine vinegar
2516,bay leaves
2491,orange
2472,buttermilk
2458,red bell pepper
2444,green bell pepper
2434,parsley leaves
2430,pepper
2421,chicken breast
2415,lemon juiced
2391,mushrooms
2378,tomato paste
2332,orange juice
2311,pecans
2306,rosemary
2258,chives
2206,sea salt
2192,ice
2128,carrot
2113,balsamic vinegar
2094,scallions
2083,cilantro leaves
2072,beef
2038,bread crumbs
2036,egg whites
2015,bay leaf
2013,ketchup
1909,potatoes
1907,thyme leaves
1836,whipping cream
